suite,case,mode,samples,discarded,min_us,median_us,mean_us,p95_us,p99_us,max_us,stddev_us,tflops,gbps,flops_per_iter,bytes_per_iter,launch_path,event_timing
cube_hadamard_950pr (Walsh-Hadamard: Cube-factorised against AIV-only),d64_v1_aiv,pipelined,100,0,6.75019994,7.00805001,7.11777195,8.05429965,8.76440033,9.06170011,0.422087162,0,0.0730588394,0,512,"replan-per-launch (aclSetAclOpExecutorRepeatable / aclDestroyAclOpExecutor not both exported by this CANN build)","ACL_EVENT_TIME_LINE|ACL_EVENT_SYNC (timestamped, host-waitable)"
cube_hadamard_950pr (Walsh-Hadamard: Cube-factorised against AIV-only),d64_v1_aiv,device,100,0,7.56700011,9.15049994,9.48296999,11.9009996,13.5209998,13.754,1.32174101,0,0.0559532269,0,512,"replan-per-launch (aclSetAclOpExecutorRepeatable / aclDestroyAclOpExecutor not both exported by this CANN build)","ACL_EVENT_TIME_LINE|ACL_EVENT_SYNC (timestamped, host-waitable)"
cube_hadamard_950pr (Walsh-Hadamard: Cube-factorised against AIV-only),d64_v1_aiv,host,100,0,9.578,12.6455,13.11648,15.287,22.156,22.374,1.88124862,0,0.0404887114,0,512,"replan-per-launch (aclSetAclOpExecutorRepeatable / aclDestroyAclOpExecutor not both exported by this CANN build)","ACL_EVENT_TIME_LINE|ACL_EVENT_SYNC (timestamped, host-waitable)"
cube_hadamard_950pr (Walsh-Hadamard: Cube-factorised against AIV-only),d64_v1_single,pipelined,100,0,6.46520033,6.71259984,6.81958,7.44540021,8.22409987,8.26850012,0.366694091,0,0.0762744707,0,512,"replan-per-launch (aclSetAclOpExecutorRepeatable / aclDestroyAclOpExecutor not both exported by this CANN build)","ACL_EVENT_TIME_LINE|ACL_EVENT_SYNC (timestamped, host-waitable)"
cube_hadamard_950pr (Walsh-Hadamard: Cube-factorised against AIV-only),d64_v1_single,device,100,0,7.17800017,8.34950013,8.69045,10.8089997,11.9249998,12.7929999,1.11254804,0,0.0613210362,0,512,"replan-per-launch (aclSetAclOpExecutorRepeatable / aclDestroyAclOpExecutor not both exported by this CANN build)","ACL_EVENT_TIME_LINE|ACL_EVENT_SYNC (timestamped, host-waitable)"
cube_hadamard_950pr (Walsh-Hadamard: Cube-factorised against AIV-only),d64_v1_single,host,100,0,10.043,12.675,12.55375,13.023,14.112,20.163,1.07675542,0,0.0403944773,0,512,"replan-per-launch (aclSetAclOpExecutorRepeatable / aclDestroyAclOpExecutor not both exported by this CANN build)","ACL_EVENT_TIME_LINE|ACL_EVENT_SYNC (timestamped, host-waitable)"
cube_hadamard_950pr (Walsh-Hadamard: Cube-factorised against AIV-only),d64_v1_hilo,pipelined,100,0,6.31000027,6.52345009,6.60957301,7.14560002,7.56689981,7.82049969,0.273809081,0,0.0784860761,0,512,"replan-per-launch (aclSetAclOpExecutorRepeatable / aclDestroyAclOpExecutor not both exported by this CANN build)","ACL_EVENT_TIME_LINE|ACL_EVENT_SYNC (timestamped, host-waitable)"
cube_hadamard_950pr (Walsh-Hadamard: Cube-factorised against AIV-only),d64_v1_hilo,device,100,0,7.01399986,8.64299992,8.70236997,10.1720002,12.2830002,12.8960004,1.01993567,0,0.0592386908,0,512,"replan-per-launch (aclSetAclOpExecutorRepeatable / aclDestroyAclOpExecutor not both exported by this CANN build)","ACL_EVENT_TIME_LINE|ACL_EVENT_SYNC (timestamped, host-waitable)"
cube_hadamard_950pr (Walsh-Hadamard: Cube-factorised against AIV-only),d64_v1_hilo,host,100,0,8.629,12.606,12.59775,12.828,13.155,20.006,0.879997777,0,0.0406155799,0,512,"replan-per-launch (aclSetAclOpExecutorRepeatable / aclDestroyAclOpExecutor not both exported by this CANN build)","ACL_EVENT_TIME_LINE|ACL_EVENT_SYNC (timestamped, host-waitable)"
cube_hadamard_950pr (Walsh-Hadamard: Cube-factorised against AIV-only),d64_v8_aiv,pipelined,100,0,6.42279983,6.54955022,6.65441503,7.21850023,7.6816,7.81340003,0.267467295,0,0.625386456,0,4096,"replan-per-launch (aclSetAclOpExecutorRepeatable / aclDestroyAclOpExecutor not both exported by this CANN build)","ACL_EVENT_TIME_LINE|ACL_EVENT_SYNC (timestamped, host-waitable)"
cube_hadamard_950pr (Walsh-Hadamard: Cube-factorised against AIV-only),d64_v8_aiv,device,100,0,7.35800015,8.52499995,8.78144997,10.2949999,13.1789995,13.3779999,0.932253116,0,0.480469211,0,4096,"replan-per-launch (aclSetAclOpExecutorRepeatable / aclDestroyAclOpExecutor not both exported by this CANN build)","ACL_EVENT_TIME_LINE|ACL_EVENT_SYNC (timestamped, host-waitable)"
cube_hadamard_950pr (Walsh-Hadamard: Cube-factorised against AIV-only),d64_v8_aiv,host,100,0,11.892,12.837,12.88996,13.2,14.504,20.275,0.804356077,0,0.319077666,0,4096,"replan-per-launch (aclSetAclOpExecutorRepeatable / aclDestroyAclOpExecutor not both exported by this CANN build)","ACL_EVENT_TIME_LINE|ACL_EVENT_SYNC (timestamped, host-waitable)"
cube_hadamard_950pr (Walsh-Hadamard: Cube-factorised against AIV-only),d64_v8_single,pipelined,100,0,6.41219988,6.58755004,6.66788903,7.20639974,7.97600001,8.17779973,0.275065947,0,0.621778958,0,4096,"replan-per-launch (aclSetAclOpExecutorRepeatable / aclDestroyAclOpExecutor not both exported by this CANN build)","ACL_EVENT_TIME_LINE|ACL_EVENT_SYNC (timestamped, host-waitable)"
cube_hadamard_950pr (Walsh-Hadamard: Cube-factorised against AIV-only),d64_v8_single,device,100,0,6.48800004,8.86100018,8.83271002,10.6950002,12.2870002,15.1859997,1.3059778,0,0.462250301,0,4096,"replan-per-launch (aclSetAclOpExecutorRepeatable / aclDestroyAclOpExecutor not both exported by this CANN build)","ACL_EVENT_TIME_LINE|ACL_EVENT_SYNC (timestamped, host-waitable)"
cube_hadamard_950pr (Walsh-Hadamard: Cube-factorised against AIV-only),d64_v8_single,host,100,0,9.897,12.64,12.68993,12.973,13.15,19.947,0.816177802,0,0.324050633,0,4096,"replan-per-launch (aclSetAclOpExecutorRepeatable / aclDestroyAclOpExecutor not both exported by this CANN build)","ACL_EVENT_TIME_LINE|ACL_EVENT_SYNC (timestamped, host-waitable)"
cube_hadamard_950pr (Walsh-Hadamard: Cube-factorised against AIV-only),d64_v8_hilo,pipelined,100,0,6.40709996,6.63104989,6.72042104,7.22870007,7.76560009,7.8501001,0.285029646,0,0.617700073,0,4096,"replan-per-launch (aclSetAclOpExecutorRepeatable / aclDestroyAclOpExecutor not both exported by this CANN build)","ACL_EVENT_TIME_LINE|ACL_EVENT_SYNC (timestamped, host-waitable)"
cube_hadamard_950pr (Walsh-Hadamard: Cube-factorised against AIV-only),d64_v8_hilo,device,100,0,7.29800016,8.49549985,8.78431002,11.1090001,12.813,13.3379996,1.09390529,0,0.482137611,0,4096,"replan-per-launch (aclSetAclOpExecutorRepeatable / aclDestroyAclOpExecutor not both exported by this CANN build)","ACL_EVENT_TIME_LINE|ACL_EVENT_SYNC (timestamped, host-waitable)"
cube_hadamard_950pr (Walsh-Hadamard: Cube-factorised against AIV-only),d64_v8_hilo,host,100,0,10.117,12.724,12.71773,13.07,13.367,17.371,0.651292375,0,0.321911349,0,4096,"replan-per-launch (aclSetAclOpExecutorRepeatable / aclDestroyAclOpExecutor not both exported by this CANN build)","ACL_EVENT_TIME_LINE|ACL_EVENT_SYNC (timestamped, host-waitable)"
cube_hadamard_950pr (Walsh-Hadamard: Cube-factorised against AIV-only),d64_v8_dualdst,pipelined,100,0,6.45039976,6.62615001,6.69127601,7.20990002,7.51819983,7.80220032,0.235129254,0,0.618156847,0,4096,"replan-per-launch (aclSetAclOpExecutorRepeatable / aclDestroyAclOpExecutor not both exported by this CANN build)","ACL_EVENT_TIME_LINE|ACL_EVENT_SYNC (timestamped, host-waitable)"
cube_hadamard_950pr (Walsh-Hadamard: Cube-factorised against AIV-only),d64_v8_dualdst,device,100,0,6.92699989,8.806,8.96001,10.4050003,12.9039995,14.6289999,1.11054749,0,0.465137406,0,4096,"replan-per-launch (aclSetAclOpExecutorRepeatable / aclDestroyAclOpExecutor not both exported by this CANN build)","ACL_EVENT_TIME_LINE|ACL_EVENT_SYNC (timestamped, host-waitable)"
cube_hadamard_950pr (Walsh-Hadamard: Cube-factorised against AIV-only),d64_v8_dualdst,host,100,0,10.599,12.661,12.8553,13.49,19.109,23.267,1.41306244,0,0.323513151,0,4096,"replan-per-launch (aclSetAclOpExecutorRepeatable / aclDestroyAclOpExecutor not both exported by this CANN build)","ACL_EVENT_TIME_LINE|ACL_EVENT_SYNC (timestamped, host-waitable)"
cube_hadamard_950pr (Walsh-Hadamard: Cube-factorised against AIV-only),d64_v16_aiv,pipelined,100,0,6.4166002,6.61069974,6.72427095,7.44829997,7.91229978,7.92730004,0.300199606,0,1.23920316,0,8192,"replan-per-launch (aclSetAclOpExecutorRepeatable / aclDestroyAclOpExecutor not both exported by this CANN build)","ACL_EVENT_TIME_LINE|ACL_EVENT_SYNC (timestamped, host-waitable)"
cube_hadamard_950pr (Walsh-Hadamard: Cube-factorised against AIV-only),d64_v16_aiv,device,100,0,8.39199964,9.77700017,9.92521999,11.682,13.8499998,14.25,0.984168819,0,0.837884817,0,8192,"replan-per-launch (aclSetAclOpExecutorRepeatable / aclDestroyAclOpExecutor not both exported by this CANN build)","ACL_EVENT_TIME_LINE|ACL_EVENT_SYNC (timestamped, host-waitable)"
cube_hadamard_950pr (Walsh-Hadamard: Cube-factorised against AIV-only),d64_v16_aiv,host,100,0,14.097,14.9425,14.93276,15.429,15.628,20.153,0.690262792,0,0.5482349,0,8192,"replan-per-launch (aclSetAclOpExecutorRepeatable / aclDestroyAclOpExecutor not both exported by this CANN build)","ACL_EVENT_TIME_LINE|ACL_EVENT_SYNC (timestamped, host-waitable)"
cube_hadamard_950pr (Walsh-Hadamard: Cube-factorised against AIV-only),d64_v16_single,pipelined,100,0,6.31299987,6.56930022,6.655875,7.26109967,7.54479989,7.69340023,0.259448239,0,1.24701258,0,8192,"replan-per-launch (aclSetAclOpExecutorRepeatable / aclDestroyAclOpExecutor not both exported by this CANN build)","ACL_EVENT_TIME_LINE|ACL_EVENT_SYNC (timestamped, host-waitable)"
cube_hadamard_950pr (Walsh-Hadamard: Cube-factorised against AIV-only),d64_v16_single,device,100,0,7.28899986,8.75400007,8.88103996,10.675,12.6830004,18.3809996,1.32111194,0,0.93580077,0,8192,"replan-per-launch (aclSetAclOpExecutorRepeatable / aclDestroyAclOpExecutor not both exported by this CANN build)","ACL_EVENT_TIME_LINE|ACL_EVENT_SYNC (timestamped, host-waitable)"
cube_hadamard_950pr (Walsh-Hadamard: Cube-factorised against AIV-only),d64_v16_single,host,100,0,10.7,12.659,12.68718,12.931,13.581,18.963,0.708423438,0,0.647128525,0,8192,"replan-per-launch (aclSetAclOpExecutorRepeatable / aclDestroyAclOpExecutor not both exported by this CANN build)","ACL_EVENT_TIME_LINE|ACL_EVENT_SYNC (timestamped, host-waitable)"
cube_hadamard_950pr (Walsh-Hadamard: Cube-factorised against AIV-only),d64_v16_hilo,pipelined,100,0,6.38810024,6.60069995,6.67899498,7.2871998,7.68779963,7.78499991,0.247044813,0,1.2410805,0,8192,"replan-per-launch (aclSetAclOpExecutorRepeatable / aclDestroyAclOpExecutor not both exported by this CANN build)","ACL_EVENT_TIME_LINE|ACL_EVENT_SYNC (timestamped, host-waitable)"
cube_hadamard_950pr (Walsh-Hadamard: Cube-factorised against AIV-only),d64_v16_hilo,device,100,0,7.14599993,8.66400031,8.77363002,10.3660002,12.4080004,13.0780004,0.994438159,0,0.945521665,0,8192,"replan-per-launch (aclSetAclOpExecutorRepeatable / aclDestroyAclOpExecutor not both exported by this CANN build)","ACL_EVENT_TIME_LINE|ACL_EVENT_SYNC (timestamped, host-waitable)"
cube_hadamard_950pr (Walsh-Hadamard: Cube-factorised against AIV-only),d64_v16_hilo,host,100,0,11.076,12.7015,12.70044,13.05,13.206,18.897,0.733895188,0,0.644963193,0,8192,"replan-per-launch (aclSetAclOpExecutorRepeatable / aclDestroyAclOpExecutor not both exported by this CANN build)","ACL_EVENT_TIME_LINE|ACL_EVENT_SYNC (timestamped, host-waitable)"
cube_hadamard_950pr (Walsh-Hadamard: Cube-factorised against AIV-only),d64_v16_dualdst,pipelined,100,0,6.4681001,6.62225001,6.706347,7.24340007,7.57780001,7.63529986,0.241080121,0,1.23704179,0,8192,"replan-per-launch (aclSetAclOpExecutorRepeatable / aclDestroyAclOpExecutor not both exported by this CANN build)","ACL_EVENT_TIME_LINE|ACL_EVENT_SYNC (timestamped, host-waitable)"
cube_hadamard_950pr (Walsh-Hadamard: Cube-factorised against AIV-only),d64_v16_dualdst,device,100,0,6.52399985,8.5544996,8.59804,10.2380002,12.9920002,13.5169998,1.12928175,0,0.957624687,0,8192,"replan-per-launch (aclSetAclOpExecutorRepeatable / aclDestroyAclOpExecutor not both exported by this CANN build)","ACL_EVENT_TIME_LINE|ACL_EVENT_SYNC (timestamped, host-waitable)"
cube_hadamard_950pr (Walsh-Hadamard: Cube-factorised against AIV-only),d64_v16_dualdst,host,100,0,10.631,12.7355,12.75677,12.989,13.783,19.158,0.733121775,0,0.643241333,0,8192,"replan-per-launch (aclSetAclOpExecutorRepeatable / aclDestroyAclOpExecutor not both exported by this CANN build)","ACL_EVENT_TIME_LINE|ACL_EVENT_SYNC (timestamped, host-waitable)"
cube_hadamard_950pr (Walsh-Hadamard: Cube-factorised against AIV-only),d64_v32_aiv,pipelined,100,0,11.7767997,11.8477497,11.856426,11.9016998,12.5752002,12.7186999,0.125094173,0,1.38287864,0,16384,"replan-per-launch (aclSetAclOpExecutorRepeatable / aclDestroyAclOpExecutor not both exported by this CANN build)","ACL_EVENT_TIME_LINE|ACL_EVENT_SYNC (timestamped, host-waitable)"
cube_hadamard_950pr (Walsh-Hadamard: Cube-factorised against AIV-only),d64_v32_aiv,device,100,0,11.9829997,12.0195001,12.14322,12.1440003,12.2530004,21.2050006,0.912870235,0,1.36311825,0,16384,"replan-per-launch (aclSetAclOpExecutorRepeatable / aclDestroyAclOpExecutor not both exported by this CANN build)","ACL_EVENT_TIME_LINE|ACL_EVENT_SYNC (timestamped, host-waitable)"
cube_hadamard_950pr (Walsh-Hadamard: Cube-factorised against AIV-only),d64_v32_aiv,host,100,0,20.212,22.9695,22.57989,23.984,25.195,25.663,1.24129705,0,0.713293716,0,16384,"replan-per-launch (aclSetAclOpExecutorRepeatable / aclDestroyAclOpExecutor not both exported by this CANN build)","ACL_EVENT_TIME_LINE|ACL_EVENT_SYNC (timestamped, host-waitable)"
cube_hadamard_950pr (Walsh-Hadamard: Cube-factorised against AIV-only),d64_v32_single,pipelined,100,0,6.45710006,6.70790002,6.78289901,7.29259998,7.82980025,8.65570009,0.292418679,0,2.44249317,0,16384,"replan-per-launch (aclSetAclOpExecutorRepeatable / aclDestroyAclOpExecutor not both exported by this CANN build)","ACL_EVENT_TIME_LINE|ACL_EVENT_SYNC (timestamped, host-waitable)"
cube_hadamard_950pr (Walsh-Hadamard: Cube-factorised against AIV-only),d64_v32_single,device,100,0,8.23100004,9.57049988,9.65858001,10.4830004,13.0310003,13.2470001,0.706414536,0,1.7119273,0,16384,"replan-per-launch (aclSetAclOpExecutorRepeatable / aclDestroyAclOpExecutor not both exported by this CANN build)","ACL_EVENT_TIME_LINE|ACL_EVENT_SYNC (timestamped, host-waitable)"
cube_hadamard_950pr (Walsh-Hadamard: Cube-factorised against AIV-only),d64_v32_single,host,100,0,12.568,13.895,13.98839,14.37,17.985,18.681,0.812566673,0,1.17912918,0,16384,"replan-per-launch (aclSetAclOpExecutorRepeatable / aclDestroyAclOpExecutor not both exported by this CANN build)","ACL_EVENT_TIME_LINE|ACL_EVENT_SYNC (timestamped, host-waitable)"
cube_hadamard_950pr (Walsh-Hadamard: Cube-factorised against AIV-only),d64_v32_hilo,pipelined,100,0,6.42969981,6.73969984,6.79467697,7.3586002,7.51380026,7.56170005,0.221738939,0,2.43096879,0,16384,"replan-per-launch (aclSetAclOpExecutorRepeatable / aclDestroyAclOpExecutor not both exported by this CANN build)","ACL_EVENT_TIME_LINE|ACL_EVENT_SYNC (timestamped, host-waitable)"
cube_hadamard_950pr (Walsh-Hadamard: Cube-factorised against AIV-only),d64_v32_hilo,device,100,0,8.49399995,9.3919998,9.55549,10.6499996,12.3760002,14.56,0.780537459,0,1.74446341,0,16384,"replan-per-launch (aclSetAclOpExecutorRepeatable / aclDestroyAclOpExecutor not both exported by this CANN build)","ACL_EVENT_TIME_LINE|ACL_EVENT_SYNC (timestamped, host-waitable)"
cube_hadamard_950pr (Walsh-Hadamard: Cube-factorised against AIV-only),d64_v32_hilo,host,100,0,12.629,14.1145,14.19583,14.624,14.898,20.573,0.781451356,0,1.16079209,0,16384,"replan-per-launch (aclSetAclOpExecutorRepeatable / aclDestroyAclOpExecutor not both exported by this CANN build)","ACL_EVENT_TIME_LINE|ACL_EVENT_SYNC (timestamped, host-waitable)"
cube_hadamard_950pr (Walsh-Hadamard: Cube-factorised against AIV-only),d64_v32_dualdst,pipelined,100,0,6.26759976,6.64964989,6.71142802,7.3224999,7.39360005,7.47179985,0.234505857,0,2.46388912,0,16384,"replan-per-launch (aclSetAclOpExecutorRepeatable / aclDestroyAclOpExecutor not both exported by this CANN build)","ACL_EVENT_TIME_LINE|ACL_EVENT_SYNC (timestamped, host-waitable)"
cube_hadamard_950pr (Walsh-Hadamard: Cube-factorised against AIV-only),d64_v32_dualdst,device,100,0,7.53099984,8.59999983,8.89380999,10.702,12.0440004,13.3959996,1.01851114,0,1.90511632,0,16384,"replan-per-launch (aclSetAclOpExecutorRepeatable / aclDestroyAclOpExecutor not both exported by this CANN build)","ACL_EVENT_TIME_LINE|ACL_EVENT_SYNC (timestamped, host-waitable)"
cube_hadamard_950pr (Walsh-Hadamard: Cube-factorised against AIV-only),d64_v32_dualdst,host,100,0,12.192,12.761,13.26195,18.807,20.293,20.758,1.75415087,0,1.28391192,0,16384,"replan-per-launch (aclSetAclOpExecutorRepeatable / aclDestroyAclOpExecutor not both exported by this CANN build)","ACL_EVENT_TIME_LINE|ACL_EVENT_SYNC (timestamped, host-waitable)"
cube_hadamard_950pr (Walsh-Hadamard: Cube-factorised against AIV-only),d128_v1_aiv,pipelined,100,0,6.36980012,6.62445016,6.691108,7.19949976,7.66090006,7.90529996,0.257307592,0,0.154578867,0,1024,"replan-per-launch (aclSetAclOpExecutorRepeatable / aclDestroyAclOpExecutor not both exported by this CANN build)","ACL_EVENT_TIME_LINE|ACL_EVENT_SYNC (timestamped, host-waitable)"
cube_hadamard_950pr (Walsh-Hadamard: Cube-factorised against AIV-only),d128_v1_aiv,device,100,0,7.0679998,8.52849986,8.72196999,10.3439996,12.4359997,14.3069997,1.09552243,0,0.120068009,0,1024,"replan-per-launch (aclSetAclOpExecutorRepeatable / aclDestroyAclOpExecutor not both exported by this CANN build)","ACL_EVENT_TIME_LINE|ACL_EVENT_SYNC (timestamped, host-waitable)"
cube_hadamard_950pr (Walsh-Hadamard: Cube-factorised against AIV-only),d128_v1_aiv,host,100,0,9.567,12.6825,12.49302,13.024,13.326,19.301,1.08200438,0,0.0807411788,0,1024,"replan-per-launch (aclSetAclOpExecutorRepeatable / aclDestroyAclOpExecutor not both exported by this CANN build)","ACL_EVENT_TIME_LINE|ACL_EVENT_SYNC (timestamped, host-waitable)"
cube_hadamard_950pr (Walsh-Hadamard: Cube-factorised against AIV-only),d128_v1_single,pipelined,100,0,6.41539991,6.62804991,6.73581196,7.59750009,7.77940005,7.9057999,0.318372376,0,0.154494914,0,1024,"replan-per-launch (aclSetAclOpExecutorRepeatable / aclDestroyAclOpExecutor not both exported by this CANN build)","ACL_EVENT_TIME_LINE|ACL_EVENT_SYNC (timestamped, host-waitable)"
cube_hadamard_950pr (Walsh-Hadamard: Cube-factorised against AIV-only),d128_v1_single,device,100,0,6.74800016,8.50100024,8.72710997,9.98899993,14.3400002,19.0689992,1.44897161,0,0.120456414,0,1024,"replan-per-launch (aclSetAclOpExecutorRepeatable / aclDestroyAclOpExecutor not both exported by this CANN build)","ACL_EVENT_TIME_LINE|ACL_EVENT_SYNC (timestamped, host-waitable)"
cube_hadamard_950pr (Walsh-Hadamard: Cube-factorised against AIV-only),d128_v1_single,host,100,0,9.487,12.6945,12.5288,13.069,14.195,19.345,1.08832896,0,0.0806648549,0,1024,"replan-per-launch (aclSetAclOpExecutorRepeatable / aclDestroyAclOpExecutor not both exported by this CANN build)","ACL_EVENT_TIME_LINE|ACL_EVENT_SYNC (timestamped, host-waitable)"
cube_hadamard_950pr (Walsh-Hadamard: Cube-factorised against AIV-only),d128_v1_hilo,pipelined,100,0,6.36290014,6.70414977,6.73350397,7.2315,7.46129975,8.01090002,0.234778678,0,0.152741218,0,1024,"replan-per-launch (aclSetAclOpExecutorRepeatable / aclDestroyAclOpExecutor not both exported by this CANN build)","ACL_EVENT_TIME_LINE|ACL_EVENT_SYNC (timestamped, host-waitable)"
cube_hadamard_950pr (Walsh-Hadamard: Cube-factorised against AIV-only),d128_v1_hilo,device,100,0,7.03499978,8.57800012,8.63237996,10.0659998,12.3739997,13.1099997,0.912695134,0,0.119375144,0,1024,"replan-per-launch (aclSetAclOpExecutorRepeatable / aclDestroyAclOpExecutor not both exported by this CANN build)","ACL_EVENT_TIME_LINE|ACL_EVENT_SYNC (timestamped, host-waitable)"
cube_hadamard_950pr (Walsh-Hadamard: Cube-factorised against AIV-only),d128_v1_hilo,host,100,0,9.881,12.6865,12.66469,12.971,13.001,19.621,0.87680473,0,0.0807157214,0,1024,"replan-per-launch (aclSetAclOpExecutorRepeatable / aclDestroyAclOpExecutor not both exported by this CANN build)","ACL_EVENT_TIME_LINE|ACL_EVENT_SYNC (timestamped, host-waitable)"
cube_hadamard_950pr (Walsh-Hadamard: Cube-factorised against AIV-only),d128_v8_aiv,pipelined,100,0,6.41509965,6.60299994,6.703395,7.33740032,7.81939998,8.00359994,0.289721,0,1.2406482,0,8192,"replan-per-launch (aclSetAclOpExecutorRepeatable / aclDestroyAclOpExecutor not both exported by this CANN build)","ACL_EVENT_TIME_LINE|ACL_EVENT_SYNC (timestamped, host-waitable)"
cube_hadamard_950pr (Walsh-Hadamard: Cube-factorised against AIV-only),d128_v8_aiv,device,100,0,8.46199971,9.63050034,9.79445,10.8829997,13.8670001,16.8699995,1.02237423,0,0.850630778,0,8192,"replan-per-launch (aclSetAclOpExecutorRepeatable / aclDestroyAclOpExecutor not both exported by this CANN build)","ACL_EVENT_TIME_LINE|ACL_EVENT_SYNC (timestamped, host-waitable)"
cube_hadamard_950pr (Walsh-Hadamard: Cube-factorised against AIV-only),d128_v8_aiv,host,100,0,13.099,13.9365,13.97826,14.316,15.778,19.294,0.63646352,0,0.587808991,0,8192,"replan-per-launch (aclSetAclOpExecutorRepeatable / aclDestroyAclOpExecutor not both exported by this CANN build)","ACL_EVENT_TIME_LINE|ACL_EVENT_SYNC (timestamped, host-waitable)"
cube_hadamard_950pr (Walsh-Hadamard: Cube-factorised against AIV-only),d128_v8_single,pipelined,100,0,6.30709976,6.60159998,6.68876099,7.48339966,7.85470009,7.99589977,0.308324358,0,1.2409113,0,8192,"replan-per-launch (aclSetAclOpExecutorRepeatable / aclDestroyAclOpExecutor not both exported by this CANN build)","ACL_EVENT_TIME_LINE|ACL_EVENT_SYNC (timestamped, host-waitable)"
cube_hadamard_950pr (Walsh-Hadamard: Cube-factorised against AIV-only),d128_v8_single,device,100,0,7.12799979,8.40749964,8.60937007,10.0710001,12.7060004,15.2759999,1.07977659,0,0.974368165,0,8192,"replan-per-launch (aclSetAclOpExecutorRepeatable / aclDestroyAclOpExecutor not both exported by this CANN build)","ACL_EVENT_TIME_LINE|ACL_EVENT_SYNC (timestamped, host-waitable)"
cube_hadamard_950pr (Walsh-Hadamard: Cube-factorised against AIV-only),d128_v8_single,host,100,0,11.802,12.696,12.71707,12.94,13.005,18.9,0.655248552,0,0.645242596,0,8192,"replan-per-launch (aclSetAclOpExecutorRepeatable / aclDestroyAclOpExecutor not both exported by this CANN build)","ACL_EVENT_TIME_LINE|ACL_EVENT_SYNC (timestamped, host-waitable)"
cube_hadamard_950pr (Walsh-Hadamard: Cube-factorised against AIV-only),d128_v8_hilo,pipelined,100,0,6.29390031,6.58215024,6.64299601,7.22739995,7.87649974,8.08660015,0.281903957,0,1.24457809,0,8192,"replan-per-launch (aclSetAclOpExecutorRepeatable / aclDestroyAclOpExecutor not both exported by this CANN build)","ACL_EVENT_TIME_LINE|ACL_EVENT_SYNC (timestamped, host-waitable)"
cube_hadamard_950pr (Walsh-Hadamard: Cube-factorised against AIV-only),d128_v8_hilo,device,100,0,7.51700019,8.44949996,8.74553999,10.3169996,12.1790003,16.0220005,1.08861505,0,0.969524828,0,8192,"replan-per-launch (aclSetAclOpExecutorRepeatable / aclDestroyAclOpExecutor not both exported by this CANN build)","ACL_EVENT_TIME_LINE|ACL_EVENT_SYNC (timestamped, host-waitable)"
cube_hadamard_950pr (Walsh-Hadamard: Cube-factorised against AIV-only),d128_v8_hilo,host,100,0,11.736,12.693,12.73508,12.933,13.331,19.219,0.686501955,0,0.6453951,0,8192,"replan-per-launch (aclSetAclOpExecutorRepeatable / aclDestroyAclOpExecutor not both exported by this CANN build)","ACL_EVENT_TIME_LINE|ACL_EVENT_SYNC (timestamped, host-waitable)"
cube_hadamard_950pr (Walsh-Hadamard: Cube-factorised against AIV-only),d128_v8_dualdst,pipelined,100,0,6.329,6.62775002,6.679029,7.37520009,7.61889964,7.68629983,0.270154681,0,1.23601523,0,8192,"replan-per-launch (aclSetAclOpExecutorRepeatable / aclDestroyAclOpExecutor not both exported by this CANN build)","ACL_EVENT_TIME_LINE|ACL_EVENT_SYNC (timestamped, host-waitable)"
cube_hadamard_950pr (Walsh-Hadamard: Cube-factorised against AIV-only),d128_v8_dualdst,device,100,0,7.0059998,8.57299985,8.74425,10.2289999,12.929,13.7710003,1.07899978,0,0.955558164,0,8192,"replan-per-launch (aclSetAclOpExecutorRepeatable / aclDestroyAclOpExecutor not both exported by this CANN build)","ACL_EVENT_TIME_LINE|ACL_EVENT_SYNC (timestamped, host-waitable)"
cube_hadamard_950pr (Walsh-Hadamard: Cube-factorised against AIV-only),d128_v8_dualdst,host,100,0,10.56,12.7145,12.63545,13.071,13.214,17.151,0.673264901,0,0.644303748,0,8192,"replan-per-launch (aclSetAclOpExecutorRepeatable / aclDestroyAclOpExecutor not both exported by this CANN build)","ACL_EVENT_TIME_LINE|ACL_EVENT_SYNC (timestamped, host-waitable)"
cube_hadamard_950pr (Walsh-Hadamard: Cube-factorised against AIV-only),d128_v16_aiv,pipelined,100,0,8.44440013,8.51905011,8.52499897,8.57039988,9.15089995,9.50499997,0.128969914,0,1.92321911,0,16384,"replan-per-launch (aclSetAclOpExecutorRepeatable / aclDestroyAclOpExecutor not both exported by this CANN build)","ACL_EVENT_TIME_LINE|ACL_EVENT_SYNC (timestamped, host-waitable)"
cube_hadamard_950pr (Walsh-Hadamard: Cube-factorised against AIV-only),d128_v16_aiv,device,100,0,8.66699964,9.78399999,10.00301,13.1379999,15.0950002,17.802,1.40948127,0,1.67457073,0,16384,"replan-per-launch (aclSetAclOpExecutorRepeatable / aclDestroyAclOpExecutor not both exported by this CANN build)","ACL_EVENT_TIME_LINE|ACL_EVENT_SYNC (timestamped, host-waitable)"
cube_hadamard_950pr (Walsh-Hadamard: Cube-factorised against AIV-only),d128_v16_aiv,host,100,0,16.46,16.8905,16.95258,17.178,18.792,21.313,0.518234506,0,0.970012729,0,16384,"replan-per-launch (aclSetAclOpExecutorRepeatable / aclDestroyAclOpExecutor not both exported by this CANN build)","ACL_EVENT_TIME_LINE|ACL_EVENT_SYNC (timestamped, host-waitable)"
cube_hadamard_950pr (Walsh-Hadamard: Cube-factorised against AIV-only),d128_v16_single,pipelined,100,0,6.43159971,6.69324994,6.74484902,7.48379976,7.85629973,8.02090019,0.299050391,0,2.44783926,0,16384,"replan-per-launch (aclSetAclOpExecutorRepeatable / aclDestroyAclOpExecutor not both exported by this CANN build)","ACL_EVENT_TIME_LINE|ACL_EVENT_SYNC (timestamped, host-waitable)"
cube_hadamard_950pr (Walsh-Hadamard: Cube-factorised against AIV-only),d128_v16_single,device,100,0,8.55899975,9.54249967,9.65185997,10.6459996,11.9679999,13.1120002,0.671584247,0,1.71695054,0,16384,"replan-per-launch (aclSetAclOpExecutorRepeatable / aclDestroyAclOpExecutor not both exported by this CANN build)","ACL_EVENT_TIME_LINE|ACL_EVENT_SYNC (timestamped, host-waitable)"
cube_hadamard_950pr (Walsh-Hadamard: Cube-factorised against AIV-only),d128_v16_single,host,100,0,13.311,14.182,14.20735,14.726,16.656,19.092,0.698700055,0,1.15526724,0,16384,"replan-per-launch (aclSetAclOpExecutorRepeatable / aclDestroyAclOpExecutor not both exported by this CANN build)","ACL_EVENT_TIME_LINE|ACL_EVENT_SYNC (timestamped, host-waitable)"
cube_hadamard_950pr (Walsh-Hadamard: Cube-factorised against AIV-only),d128_v16_hilo,pipelined,100,0,6.43379986,6.62900023,6.69551903,7.28090033,7.57540017,7.66760036,0.265420146,0,2.47156425,0,16384,"replan-per-launch (aclSetAclOpExecutorRepeatable / aclDestroyAclOpExecutor not both exported by this CANN build)","ACL_EVENT_TIME_LINE|ACL_EVENT_SYNC (timestamped, host-waitable)"
cube_hadamard_950pr (Walsh-Hadamard: Cube-factorised against AIV-only),d128_v16_hilo,device,100,0,8.67099967,9.66800004,9.75891995,11.0109998,12.5979995,13.1289996,0.715666356,0,1.6946628,0,16384,"replan-per-launch (aclSetAclOpExecutorRepeatable / aclDestroyAclOpExecutor not both exported by this CANN build)","ACL_EVENT_TIME_LINE|ACL_EVENT_SYNC (timestamped, host-waitable)"
cube_hadamard_950pr (Walsh-Hadamard: Cube-factorised against AIV-only),d128_v16_hilo,host,100,0,13.142,14.264,14.36713,14.976,18.864,21.226,1.03928277,0,1.14862591,0,16384,"replan-per-launch (aclSetAclOpExecutorRepeatable / aclDestroyAclOpExecutor not both exported by this CANN build)","ACL_EVENT_TIME_LINE|ACL_EVENT_SYNC (timestamped, host-waitable)"
cube_hadamard_950pr (Walsh-Hadamard: Cube-factorised against AIV-only),d128_v16_dualdst,pipelined,100,0,6.35109991,6.51514977,6.60238403,7.22289979,7.54280016,7.93479979,0.278985911,0,2.51475416,0,16384,"replan-per-launch (aclSetAclOpExecutorRepeatable / aclDestroyAclOpExecutor not both exported by this CANN build)","ACL_EVENT_TIME_LINE|ACL_EVENT_SYNC (timestamped, host-waitable)"
cube_hadamard_950pr (Walsh-Hadamard: Cube-factorised against AIV-only),d128_v16_dualdst,device,100,0,7.51199992,8.57599964,8.74845998,10.2469996,12.3549998,12.3669999,0.839298723,0,1.91044784,0,16384,"replan-per-launch (aclSetAclOpExecutorRepeatable / aclDestroyAclOpExecutor not both exported by this CANN build)","ACL_EVENT_TIME_LINE|ACL_EVENT_SYNC (timestamped, host-waitable)"
cube_hadamard_950pr (Walsh-Hadamard: Cube-factorised against AIV-only),d128_v16_dualdst,host,100,0,11.705,12.704,12.74248,12.988,13.185,19.983,0.761022174,0,1.28967254,0,16384,"replan-per-launch (aclSetAclOpExecutorRepeatable / aclDestroyAclOpExecutor not both exported by this CANN build)","ACL_EVENT_TIME_LINE|ACL_EVENT_SYNC (timestamped, host-waitable)"
cube_hadamard_950pr (Walsh-Hadamard: Cube-factorised against AIV-only),d128_v32_aiv,pipelined,100,0,16.0677999,16.1464505,16.151666,16.2009999,16.9488996,16.9997007,0.128973469,0,2.02942436,0,32768,"replan-per-launch (aclSetAclOpExecutorRepeatable / aclDestroyAclOpExecutor not both exported by this CANN build)","ACL_EVENT_TIME_LINE|ACL_EVENT_SYNC (timestamped, host-waitable)"
cube_hadamard_950pr (Walsh-Hadamard: Cube-factorised against AIV-only),d128_v32_aiv,device,100,0,16.2799992,16.3129997,16.43426,16.4310001,16.5810008,25.0429995,0.867260696,0,2.00870476,0,32768,"replan-per-launch (aclSetAclOpExecutorRepeatable / aclDestroyAclOpExecutor not both exported by this CANN build)","ACL_EVENT_TIME_LINE|ACL_EVENT_SYNC (timestamped, host-waitable)"
cube_hadamard_950pr (Walsh-Hadamard: Cube-factorised against AIV-only),d128_v32_aiv,host,100,0,23.982,25.116,25.36332,27.598,27.89,31.004,0.918483227,0,1.30466635,0,32768,"replan-per-launch (aclSetAclOpExecutorRepeatable / aclDestroyAclOpExecutor not both exported by this CANN build)","ACL_EVENT_TIME_LINE|ACL_EVENT_SYNC (timestamped, host-waitable)"
cube_hadamard_950pr (Walsh-Hadamard: Cube-factorised against AIV-only),d128_v32_single,pipelined,100,0,8.50410014,8.57539997,8.58574601,8.64090025,9.23950002,9.51350033,0.126751839,0,3.82116288,0,32768,"replan-per-launch (aclSetAclOpExecutorRepeatable / aclDestroyAclOpExecutor not both exported by this CANN build)","ACL_EVENT_TIME_LINE|ACL_EVENT_SYNC (timestamped, host-waitable)"
cube_hadamard_950pr (Walsh-Hadamard: Cube-factorised against AIV-only),d128_v32_single,device,100,0,8.72099958,10.1405,10.1751199,11.3289999,15.0009999,17.6580008,1.23783771,0,3.23139884,0,32768,"replan-per-launch (aclSetAclOpExecutorRepeatable / aclDestroyAclOpExecutor not both exported by this CANN build)","ACL_EVENT_TIME_LINE|ACL_EVENT_SYNC (timestamped, host-waitable)"
cube_hadamard_950pr (Walsh-Hadamard: Cube-factorised against AIV-only),d128_v32_single,host,100,0,16.528,16.8305,16.90056,17.193,18.127,21.953,0.546373724,0,1.94694156,0,32768,"replan-per-launch (aclSetAclOpExecutorRepeatable / aclDestroyAclOpExecutor not both exported by this CANN build)","ACL_EVENT_TIME_LINE|ACL_EVENT_SYNC (timestamped, host-waitable)"
cube_hadamard_950pr (Walsh-Hadamard: Cube-factorised against AIV-only),d128_v32_hilo,pipelined,100,0,8.69909972,8.77779983,8.780424,8.82819965,9.47680026,9.6326001,0.123405326,0,3.73305391,0,32768,"replan-per-launch (aclSetAclOpExecutorRepeatable / aclDestroyAclOpExecutor not both exported by this CANN build)","ACL_EVENT_TIME_LINE|ACL_EVENT_SYNC (timestamped, host-waitable)"
cube_hadamard_950pr (Walsh-Hadamard: Cube-factorised against AIV-only),d128_v32_hilo,device,100,0,8.91899969,10.1915002,10.20053,11.1609995,13.5620004,17.7749991,1.05117612,0,3.21522832,0,32768,"replan-per-launch (aclSetAclOpExecutorRepeatable / aclDestroyAclOpExecutor not both exported by this CANN build)","ACL_EVENT_TIME_LINE|ACL_EVENT_SYNC (timestamped, host-waitable)"
cube_hadamard_950pr (Walsh-Hadamard: Cube-factorised against AIV-only),d128_v32_hilo,host,100,0,16.51,17.0755,17.39886,17.93,21.806,21.929,0.879717375,0,1.91900676,0,32768,"replan-per-launch (aclSetAclOpExecutorRepeatable / aclDestroyAclOpExecutor not both exported by this CANN build)","ACL_EVENT_TIME_LINE|ACL_EVENT_SYNC (timestamped, host-waitable)"
cube_hadamard_950pr (Walsh-Hadamard: Cube-factorised against AIV-only),d128_v32_dualdst,pipelined,100,0,6.43360019,6.56874999,6.67284101,7.34520033,7.44780004,7.7891998,0.259383844,0,4.98846813,0,32768,"replan-per-launch (aclSetAclOpExecutorRepeatable / aclDestroyAclOpExecutor not both exported by this CANN build)","ACL_EVENT_TIME_LINE|ACL_EVENT_SYNC (timestamped, host-waitable)"
cube_hadamard_950pr (Walsh-Hadamard: Cube-factorised against AIV-only),d128_v32_dualdst,device,100,0,8.64200015,9.71450005,9.90134001,11.3369999,13.4690003,14.2519996,0.873456121,0,3.37310205,0,32768,"replan-per-launch (aclSetAclOpExecutorRepeatable / aclDestroyAclOpExecutor not both exported by this CANN build)","ACL_EVENT_TIME_LINE|ACL_EVENT_SYNC (timestamped, host-waitable)"
cube_hadamard_950pr (Walsh-Hadamard: Cube-factorised against AIV-only),d128_v32_dualdst,host,100,0,13.06,14.1445,14.49286,14.767,25.088,30.14,1.96262589,0,2.31666019,0,32768,"replan-per-launch (aclSetAclOpExecutorRepeatable / aclDestroyAclOpExecutor not both exported by this CANN build)","ACL_EVENT_TIME_LINE|ACL_EVENT_SYNC (timestamped, host-waitable)"
cube_hadamard_950pr (Walsh-Hadamard: Cube-factorised against AIV-only),d256_v1_aiv,pipelined,100,0,6.33789971,6.62585013,6.676534,7.19290003,7.69720003,7.87900016,0.276599872,0,0.309092412,0,2048,"replan-per-launch (aclSetAclOpExecutorRepeatable / aclDestroyAclOpExecutor not both exported by this CANN build)","ACL_EVENT_TIME_LINE|ACL_EVENT_SYNC (timestamped, host-waitable)"
cube_hadamard_950pr (Walsh-Hadamard: Cube-factorised against AIV-only),d256_v1_aiv,device,100,0,7.17499992,8.64899997,8.72742999,10.3700003,11.926,12.9429996,0.978006792,0,0.236790381,0,2048,"replan-per-launch (aclSetAclOpExecutorRepeatable / aclDestroyAclOpExecutor not both exported by this CANN build)","ACL_EVENT_TIME_LINE|ACL_EVENT_SYNC (timestamped, host-waitable)"
cube_hadamard_950pr (Walsh-Hadamard: Cube-factorised against AIV-only),d256_v1_aiv,host,100,0,10.043,12.7515,12.82353,13.132,13.943,21.59,0.98520646,0,0.160608556,0,2048,"replan-per-launch (aclSetAclOpExecutorRepeatable / aclDestroyAclOpExecutor not both exported by this CANN build)","ACL_EVENT_TIME_LINE|ACL_EVENT_SYNC (timestamped, host-waitable)"
cube_hadamard_950pr (Walsh-Hadamard: Cube-factorised against AIV-only),d256_v1_single,pipelined,100,0,6.33929968,6.60065003,6.68390603,7.26369992,8.26470032,10.1306997,0.448776815,0,0.310272472,0,2048,"replan-per-launch (aclSetAclOpExecutorRepeatable / aclDestroyAclOpExecutor not both exported by this CANN build)","ACL_EVENT_TIME_LINE|ACL_EVENT_SYNC (timestamped, host-waitable)"
cube_hadamard_950pr (Walsh-Hadamard: Cube-factorised against AIV-only),d256_v1_single,device,100,0,7.09300023,8.70750006,8.75830002,9.99000017,12.1309999,12.4989999,0.893625092,0,0.235199539,0,2048,"replan-per-launch (aclSetAclOpExecutorRepeatable / aclDestroyAclOpExecutor not both exported by this CANN build)","ACL_EVENT_TIME_LINE|ACL_EVENT_SYNC (timestamped, host-waitable)"
cube_hadamard_950pr (Walsh-Hadamard: Cube-factorised against AIV-only),d256_v1_single,host,100,0,10.327,12.844,12.85629,13.229,14.28,20.175,0.871133736,0,0.159451884,0,2048,"replan-per-launch (aclSetAclOpExecutorRepeatable / aclDestroyAclOpExecutor not both exported by this CANN build)","ACL_EVENT_TIME_LINE|ACL_EVENT_SYNC (timestamped, host-waitable)"
cube_hadamard_950pr (Walsh-Hadamard: Cube-factorised against AIV-only),d256_v1_hilo,pipelined,100,0,6.3252002,6.59319982,6.64837498,7.30350018,7.39739984,8.02130029,0.280279716,0,0.310623075,0,2048,"replan-per-launch (aclSetAclOpExecutorRepeatable / aclDestroyAclOpExecutor not both exported by this CANN build)","ACL_EVENT_TIME_LINE|ACL_EVENT_SYNC (timestamped, host-waitable)"
cube_hadamard_950pr (Walsh-Hadamard: Cube-factorised against AIV-only),d256_v1_hilo,device,100,0,6.89599989,8.5725002,8.65613002,10.3010004,12.3370001,12.4190003,1.00827787,0,0.238903465,0,2048,"replan-per-launch (aclSetAclOpExecutorRepeatable / aclDestroyAclOpExecutor not both exported by this CANN build)","ACL_EVENT_TIME_LINE|ACL_EVENT_SYNC (timestamped, host-waitable)"
cube_hadamard_950pr (Walsh-Hadamard: Cube-factorised against AIV-only),d256_v1_hilo,host,100,0,9.744,12.703,12.72977,12.952,14.08,20.178,0.853380582,0,0.161221759,0,2048,"replan-per-launch (aclSetAclOpExecutorRepeatable / aclDestroyAclOpExecutor not both exported by this CANN build)","ACL_EVENT_TIME_LINE|ACL_EVENT_SYNC (timestamped, host-waitable)"
cube_hadamard_950pr (Walsh-Hadamard: Cube-factorised against AIV-only),d256_v8_aiv,pipelined,100,0,6.69389963,6.77849986,6.78498403,6.85980022,7.47470036,7.69020021,0.139732278,0,2.41705397,0,16384,"replan-per-launch (aclSetAclOpExecutorRepeatable / aclDestroyAclOpExecutor not both exported by this CANN build)","ACL_EVENT_TIME_LINE|ACL_EVENT_SYNC (timestamped, host-waitable)"
cube_hadamard_950pr (Walsh-Hadamard: Cube-factorised against AIV-only),d256_v8_aiv,device,100,0,8.63500033,9.84700024,9.93195003,10.6199998,12.6390001,15.7009996,0.793380398,0,1.66385697,0,16384,"replan-per-launch (aclSetAclOpExecutorRepeatable / aclDestroyAclOpExecutor not both exported by this CANN build)","ACL_EVENT_TIME_LINE|ACL_EVENT_SYNC (timestamped, host-waitable)"
cube_hadamard_950pr (Walsh-Hadamard: Cube-factorised against AIV-only),d256_v8_aiv,host,100,0,14.28,15.2435,15.07033,15.551,15.654,21.32,0.769847739,0,1.07481878,0,16384,"replan-per-launch (aclSetAclOpExecutorRepeatable / aclDestroyAclOpExecutor not both exported by this CANN build)","ACL_EVENT_TIME_LINE|ACL_EVENT_SYNC (timestamped, host-waitable)"
cube_hadamard_950pr (Walsh-Hadamard: Cube-factorised against AIV-only),d256_v8_single,pipelined,100,0,6.43680021,6.66465014,6.72096401,7.26130009,7.67059997,7.98230022,0.259617823,0,2.4583436,0,16384,"replan-per-launch (aclSetAclOpExecutorRepeatable / aclDestroyAclOpExecutor not both exported by this CANN build)","ACL_EVENT_TIME_LINE|ACL_EVENT_SYNC (timestamped, host-waitable)"
cube_hadamard_950pr (Walsh-Hadamard: Cube-factorised against AIV-only),d256_v8_single,device,100,0,8.98899976,9.73700034,9.97106001,10.9630004,12.2079998,13.2440003,0.681888934,0,1.68265374,0,16384,"replan-per-launch (aclSetAclOpExecutorRepeatable / aclDestroyAclOpExecutor not both exported by this CANN build)","ACL_EVENT_TIME_LINE|ACL_EVENT_SYNC (timestamped, host-waitable)"
cube_hadamard_950pr (Walsh-Hadamard: Cube-factorised against AIV-only),d256_v8_single,host,100,0,13.493,14.0675,14.18362,14.664,14.743,18.987,0.616170184,0,1.16467034,0,16384,"replan-per-launch (aclSetAclOpExecutorRepeatable / aclDestroyAclOpExecutor not both exported by this CANN build)","ACL_EVENT_TIME_LINE|ACL_EVENT_SYNC (timestamped, host-waitable)"
cube_hadamard_950pr (Walsh-Hadamard: Cube-factorised against AIV-only),d256_v8_hilo,pipelined,100,0,6.44050017,6.67540021,6.73660103,7.44109973,7.67399967,7.7000998,0.284661231,0,2.45438468,0,16384,"replan-per-launch (aclSetAclOpExecutorRepeatable / aclDestroyAclOpExecutor not both exported by this CANN build)","ACL_EVENT_TIME_LINE|ACL_EVENT_SYNC (timestamped, host-waitable)"
cube_hadamard_950pr (Walsh-Hadamard: Cube-factorised against AIV-only),d256_v8_hilo,device,100,0,8.58999975,9.77549981,9.91090993,11.2880003,11.7779998,13.0989999,0.75907245,0,1.67602683,0,16384,"replan-per-launch (aclSetAclOpExecutorRepeatable / aclDestroyAclOpExecutor not both exported by this CANN build)","ACL_EVENT_TIME_LINE|ACL_EVENT_SYNC (timestamped, host-waitable)"
cube_hadamard_950pr (Walsh-Hadamard: Cube-factorised against AIV-only),d256_v8_hilo,host,100,0,13.259,14.2775,14.28486,14.801,14.896,19.576,0.716070569,0,1.14753984,0,16384,"replan-per-launch (aclSetAclOpExecutorRepeatable / aclDestroyAclOpExecutor not both exported by this CANN build)","ACL_EVENT_TIME_LINE|ACL_EVENT_SYNC (timestamped, host-waitable)"
cube_hadamard_950pr (Walsh-Hadamard: Cube-factorised against AIV-only),d256_v8_dualdst,pipelined,100,0,6.41560033,6.71559982,6.74878002,7.29560032,7.58640021,7.62239993,0.252808985,0,2.43969272,0,16384,"replan-per-launch (aclSetAclOpExecutorRepeatable / aclDestroyAclOpExecutor not both exported by this CANN build)","ACL_EVENT_TIME_LINE|ACL_EVENT_SYNC (timestamped, host-waitable)"
cube_hadamard_950pr (Walsh-Hadamard: Cube-factorised against AIV-only),d256_v8_dualdst,device,100,0,7.27599999,8.86349985,8.95964997,10.369,12.4239996,14.591,0.977907167,0,1.84847975,0,16384,"replan-per-launch (aclSetAclOpExecutorRepeatable / aclDestroyAclOpExecutor not both exported by this CANN build)","ACL_EVENT_TIME_LINE|ACL_EVENT_SYNC (timestamped, host-waitable)"
cube_hadamard_950pr (Walsh-Hadamard: Cube-factorised against AIV-only),d256_v8_dualdst,host,100,0,11.602,12.6715,12.72217,12.897,13.017,19.188,0.675927527,0,1.29298031,0,16384,"replan-per-launch (aclSetAclOpExecutorRepeatable / aclDestroyAclOpExecutor not both exported by this CANN build)","ACL_EVENT_TIME_LINE|ACL_EVENT_SYNC (timestamped, host-waitable)"
cube_hadamard_950pr (Walsh-Hadamard: Cube-factorised against AIV-only),d256_v16_aiv,pipelined,100,0,12.5319004,12.6060002,12.6136429,12.6606002,13.3634001,13.4119004,0.122450517,0,2.59939708,0,32768,"replan-per-launch (aclSetAclOpExecutorRepeatable / aclDestroyAclOpExecutor not both exported by this CANN build)","ACL_EVENT_TIME_LINE|ACL_EVENT_SYNC (timestamped, host-waitable)"
cube_hadamard_950pr (Walsh-Hadamard: Cube-factorised against AIV-only),d256_v16_aiv,device,100,0,12.7309998,12.7619999,13.03496,13.979,17.9680008,21.7320006,1.18049633,0,2.56762266,0,32768,"replan-per-launch (aclSetAclOpExecutorRepeatable / aclDestroyAclOpExecutor not both exported by this CANN build)","ACL_EVENT_TIME_LINE|ACL_EVENT_SYNC (timestamped, host-waitable)"
cube_hadamard_950pr (Walsh-Hadamard: Cube-factorised against AIV-only),d256_v16_aiv,host,100,0,21.338,24.1925,24.01521,25.09,25.59,26.078,0.844071375,0,1.35446936,0,32768,"replan-per-launch (aclSetAclOpExecutorRepeatable / aclDestroyAclOpExecutor not both exported by this CANN build)","ACL_EVENT_TIME_LINE|ACL_EVENT_SYNC (timestamped, host-waitable)"
cube_hadamard_950pr (Walsh-Hadamard: Cube-factorised against AIV-only),d256_v16_single,pipelined,100,0,9.00060013,9.07079987,9.08020297,9.12569985,9.72519964,10.0404002,0.128402613,0,3.61247084,0,32768,"replan-per-launch (aclSetAclOpExecutorRepeatable / aclDestroyAclOpExecutor not both exported by this CANN build)","ACL_EVENT_TIME_LINE|ACL_EVENT_SYNC (timestamped, host-waitable)"
cube_hadamard_950pr (Walsh-Hadamard: Cube-factorised against AIV-only),d256_v16_single,device,100,0,9.21699964,9.36600007,9.91236,11.3540003,12.3359999,18.6390001,1.12042559,0,3.49861197,0,32768,"replan-per-launch (aclSetAclOpExecutorRepeatable / aclDestroyAclOpExecutor not both exported by this CANN build)","ACL_EVENT_TIME_LINE|ACL_EVENT_SYNC (timestamped, host-waitable)"
cube_hadamard_950pr (Walsh-Hadamard: Cube-factorised against AIV-only),d256_v16_single,host,100,0,16.704,17.068,17.3609,17.962,20.952,22.332,0.761024789,0,1.91985001,0,32768,"replan-per-launch (aclSetAclOpExecutorRepeatable / aclDestroyAclOpExecutor not both exported by this CANN build)","ACL_EVENT_TIME_LINE|ACL_EVENT_SYNC (timestamped, host-waitable)"
cube_hadamard_950pr (Walsh-Hadamard: Cube-factorised against AIV-only),d256_v16_hilo,pipelined,100,0,9.19250026,9.24779996,9.271681,9.32850018,10.0377999,10.0602999,0.123572288,0,3.54332924,0,32768,"replan-per-launch (aclSetAclOpExecutorRepeatable / aclDestroyAclOpExecutor not both exported by this CANN build)","ACL_EVENT_TIME_LINE|ACL_EVENT_SYNC (timestamped, host-waitable)"
cube_hadamard_950pr (Walsh-Hadamard: Cube-factorised against AIV-only),d256_v16_hilo,device,100,0,9.4010001,9.54349991,9.98650003,11.1269997,14.5840002,18.5839999,1.13089148,0,3.43354119,0,32768,"replan-per-launch (aclSetAclOpExecutorRepeatable / aclDestroyAclOpExecutor not both exported by this CANN build)","ACL_EVENT_TIME_LINE|ACL_EVENT_SYNC (timestamped, host-waitable)"
cube_hadamard_950pr (Walsh-Hadamard: Cube-factorised against AIV-only),d256_v16_hilo,host,100,0,17.427,17.696,17.74917,17.898,18.272,21.974,0.441465425,0,1.8517179,0,32768,"replan-per-launch (aclSetAclOpExecutorRepeatable / aclDestroyAclOpExecutor not both exported by this CANN build)","ACL_EVENT_TIME_LINE|ACL_EVENT_SYNC (timestamped, host-waitable)"
cube_hadamard_950pr (Walsh-Hadamard: Cube-factorised against AIV-only),d256_v16_dualdst,pipelined,100,0,6.36949986,6.60635009,6.65875502,7.36019984,7.47200027,7.5544998,0.267362238,0,4.96007622,0,32768,"replan-per-launch (aclSetAclOpExecutorRepeatable / aclDestroyAclOpExecutor not both exported by this CANN build)","ACL_EVENT_TIME_LINE|ACL_EVENT_SYNC (timestamped, host-waitable)"
cube_hadamard_950pr (Walsh-Hadamard: Cube-factorised against AIV-only),d256_v16_dualdst,device,100,0,8.46599974,9.92600014,9.97234003,10.8270003,14.4400001,14.8160001,0.863958632,0,3.30122905,0,32768,"replan-per-launch (aclSetAclOpExecutorRepeatable / aclDestroyAclOpExecutor not both exported by this CANN build)","ACL_EVENT_TIME_LINE|ACL_EVENT_SYNC (timestamped, host-waitable)"
cube_hadamard_950pr (Walsh-Hadamard: Cube-factorised against AIV-only),d256_v16_dualdst,host,100,0,13.38,14.048,14.10693,14.996,16.751,19.301,0.691394652,0,2.33257403,0,32768,"replan-per-launch (aclSetAclOpExecutorRepeatable / aclDestroyAclOpExecutor not both exported by this CANN build)","ACL_EVENT_TIME_LINE|ACL_EVENT_SYNC (timestamped, host-waitable)"
cube_hadamard_950pr (Walsh-Hadamard: Cube-factorised against AIV-only),d256_v32_aiv,pipelined,100,0,24.2328003,24.3175,24.325633,24.3836001,25.1767009,25.207001,0.135272601,0,2.69501388,0,65536,"replan-per-launch (aclSetAclOpExecutorRepeatable / aclDestroyAclOpExecutor not both exported by this CANN build)","ACL_EVENT_TIME_LINE|ACL_EVENT_SYNC (timestamped, host-waitable)"
cube_hadamard_950pr (Walsh-Hadamard: Cube-factorised against AIV-only),d256_v32_aiv,device,100,0,24.4190004,24.5014997,24.60046,24.6120002,24.6350002,33.4229991,0.888866449,0,2.67477504,0,65536,"replan-per-launch (aclSetAclOpExecutorRepeatable / aclDestroyAclOpExecutor not both exported by this CANN build)","ACL_EVENT_TIME_LINE|ACL_EVENT_SYNC (timestamped, host-waitable)"
cube_hadamard_950pr (Walsh-Hadamard: Cube-factorised against AIV-only),d256_v32_aiv,host,100,0,31.757,33.5635,34.09796,36.853,37.126,39.839,1.46550049,0,1.95259732,0,65536,"replan-per-launch (aclSetAclOpExecutorRepeatable / aclDestroyAclOpExecutor not both exported by this CANN build)","ACL_EVENT_TIME_LINE|ACL_EVENT_SYNC (timestamped, host-waitable)"
cube_hadamard_950pr (Walsh-Hadamard: Cube-factorised against AIV-only),d256_v32_single,pipelined,100,0,16.8547004,16.917,16.936233,16.9847995,17.5503001,17.9105997,0.127922372,0,3.87397293,0,65536,"replan-per-launch (aclSetAclOpExecutorRepeatable / aclDestroyAclOpExecutor not both exported by this CANN build)","ACL_EVENT_TIME_LINE|ACL_EVENT_SYNC (timestamped, host-waitable)"
cube_hadamard_950pr (Walsh-Hadamard: Cube-factorised against AIV-only),d256_v32_single,device,100,0,17.0649998,17.182,17.2858,17.2220003,17.2610004,30.1610008,1.29522101,0,3.81422419,0,65536,"replan-per-launch (aclSetAclOpExecutorRepeatable / aclDestroyAclOpExecutor not both exported by this CANN build)","ACL_EVENT_TIME_LINE|ACL_EVENT_SYNC (timestamped, host-waitable)"
cube_hadamard_950pr (Walsh-Hadamard: Cube-factorised against AIV-only),d256_v32_single,host,100,0,24.542,26.189,26.29075,27.369,31.668,32.918,1.04114561,0,2.50242468,0,65536,"replan-per-launch (aclSetAclOpExecutorRepeatable / aclDestroyAclOpExecutor not both exported by this CANN build)","ACL_EVENT_TIME_LINE|ACL_EVENT_SYNC (timestamped, host-waitable)"
cube_hadamard_950pr (Walsh-Hadamard: Cube-factorised against AIV-only),d256_v32_hilo,pipelined,100,0,17.2356993,17.3117004,17.322062,17.3761994,18.0923,18.1820005,0.128751454,0,3.78564776,0,65536,"replan-per-launch (aclSetAclOpExecutorRepeatable / aclDestroyAclOpExecutor not both exported by this CANN build)","ACL_EVENT_TIME_LINE|ACL_EVENT_SYNC (timestamped, host-waitable)"
cube_hadamard_950pr (Walsh-Hadamard: Cube-factorised against AIV-only),d256_v32_hilo,device,100,0,17.4390003,17.4705004,17.58344,17.5919998,17.6069997,26.261,0.873650287,0,3.75123771,0,65536,"replan-per-launch (aclSetAclOpExecutorRepeatable / aclDestroyAclOpExecutor not both exported by this CANN build)","ACL_EVENT_TIME_LINE|ACL_EVENT_SYNC (timestamped, host-waitable)"
cube_hadamard_950pr (Walsh-Hadamard: Cube-factorised against AIV-only),d256_v32_hilo,host,100,0,25.028,26.5025,26.52346,27.036,29.273,32.883,0.913446599,0,2.47282332,0,65536,"replan-per-launch (aclSetAclOpExecutorRepeatable / aclDestroyAclOpExecutor not both exported by this CANN build)","ACL_EVENT_TIME_LINE|ACL_EVENT_SYNC (timestamped, host-waitable)"
cube_hadamard_950pr (Walsh-Hadamard: Cube-factorised against AIV-only),d256_v32_dualdst,pipelined,100,0,10.3127003,10.3769999,10.393546,10.4511,11.0510997,11.3638997,0.130096062,0,6.31550551,0,65536,"replan-per-launch (aclSetAclOpExecutorRepeatable / aclDestroyAclOpExecutor not both exported by this CANN build)","ACL_EVENT_TIME_LINE|ACL_EVENT_SYNC (timestamped, host-waitable)"
cube_hadamard_950pr (Walsh-Hadamard: Cube-factorised against AIV-only),d256_v32_dualdst,device,100,0,10.52,10.6450003,10.70931,10.6830001,10.8549995,19.6579993,0.901477723,0,6.15650525,0,65536,"replan-per-launch (aclSetAclOpExecutorRepeatable / aclDestroyAclOpExecutor not both exported by this CANN build)","ACL_EVENT_TIME_LINE|ACL_EVENT_SYNC (timestamped, host-waitable)"
cube_hadamard_950pr (Walsh-Hadamard: Cube-factorised against AIV-only),d256_v32_dualdst,host,100,0,17.754,18.651,18.67051,18.915,21.843,23.847,0.670134457,0,3.51380623,0,65536,"replan-per-launch (aclSetAclOpExecutorRepeatable / aclDestroyAclOpExecutor not both exported by this CANN build)","ACL_EVENT_TIME_LINE|ACL_EVENT_SYNC (timestamped, host-waitable)"
cube_hadamard_950pr (Walsh-Hadamard: Cube-factorised against AIV-only),d512_v1_aiv,pipelined,100,0,6.46800026,6.63875006,6.693299,7.16949999,7.48960003,7.69490004,0.217259444,0,0.616983613,0,4096,"replan-per-launch (aclSetAclOpExecutorRepeatable / aclDestroyAclOpExecutor not both exported by this CANN build)","ACL_EVENT_TIME_LINE|ACL_EVENT_SYNC (timestamped, host-waitable)"
cube_hadamard_950pr (Walsh-Hadamard: Cube-factorised against AIV-only),d512_v1_aiv,device,100,0,7.39100017,8.62100022,8.84475002,10.5419997,11.2709999,13.3410003,0.91693849,0,0.475118884,0,4096,"replan-per-launch (aclSetAclOpExecutorRepeatable / aclDestroyAclOpExecutor not both exported by this CANN build)","ACL_EVENT_TIME_LINE|ACL_EVENT_SYNC (timestamped, host-waitable)"
cube_hadamard_950pr (Walsh-Hadamard: Cube-factorised against AIV-only),d512_v1_aiv,host,100,0,11.508,12.7265,12.74473,12.91,13.103,19.168,0.682958679,0,0.321848112,0,4096,"replan-per-launch (aclSetAclOpExecutorRepeatable / aclDestroyAclOpExecutor not both exported by this CANN build)","ACL_EVENT_TIME_LINE|ACL_EVENT_SYNC (timestamped, host-waitable)"
cube_hadamard_950pr (Walsh-Hadamard: Cube-factorised against AIV-only),d512_v1_single,pipelined,100,0,6.53249994,6.73390031,6.86387602,7.65850022,9.37030017,10.0383997,0.487915937,0,0.608265613,0,4096,"replan-per-launch (aclSetAclOpExecutorRepeatable / aclDestroyAclOpExecutor not both exported by this CANN build)","ACL_EVENT_TIME_LINE|ACL_EVENT_SYNC (timestamped, host-waitable)"
cube_hadamard_950pr (Walsh-Hadamard: Cube-factorised against AIV-only),d512_v1_single,device,100,0,7.42800022,8.98950035,9.08092999,10.3350002,11.8239997,15.4400002,1.00186123,0,0.455642677,0,4096,"replan-per-launch (aclSetAclOpExecutorRepeatable / aclDestroyAclOpExecutor not both exported by this CANN build)","ACL_EVENT_TIME_LINE|ACL_EVENT_SYNC (timestamped, host-waitable)"
cube_hadamard_950pr (Walsh-Hadamard: Cube-factorised against AIV-only),d512_v1_single,host,100,0,10.699,12.681,12.78912,13.162,15.33,18.965,0.760566017,0,0.323002918,0,4096,"replan-per-launch (aclSetAclOpExecutorRepeatable / aclDestroyAclOpExecutor not both exported by this CANN build)","ACL_EVENT_TIME_LINE|ACL_EVENT_SYNC (timestamped, host-waitable)"
cube_hadamard_950pr (Walsh-Hadamard: Cube-factorised against AIV-only),d512_v1_hilo,pipelined,100,0,6.57780021,6.74799979,6.81968099,7.49239996,7.74559975,7.98159987,0.264173861,0,0.606994684,0,4096,"replan-per-launch (aclSetAclOpExecutorRepeatable / aclDestroyAclOpExecutor not both exported by this CANN build)","ACL_EVENT_TIME_LINE|ACL_EVENT_SYNC (timestamped, host-waitable)"
cube_hadamard_950pr (Walsh-Hadamard: Cube-factorised against AIV-only),d512_v1_hilo,device,100,0,7.26900017,8.69599963,8.82575,10.6030004,12.2710001,13.6839999,0.98988138,0,0.471021179,0,4096,"replan-per-launch (aclSetAclOpExecutorRepeatable / aclDestroyAclOpExecutor not both exported by this CANN build)","ACL_EVENT_TIME_LINE|ACL_EVENT_SYNC (timestamped, host-waitable)"
cube_hadamard_950pr (Walsh-Hadamard: Cube-factorised against AIV-only),d512_v1_hilo,host,100,0,10.337,12.757,12.75505,13.113,13.439,19.124,0.779942567,0,0.321078624,0,4096,"replan-per-launch (aclSetAclOpExecutorRepeatable / aclDestroyAclOpExecutor not both exported by this CANN build)","ACL_EVENT_TIME_LINE|ACL_EVENT_SYNC (timestamped, host-waitable)"
cube_hadamard_950pr (Walsh-Hadamard: Cube-factorised against AIV-only),d512_v8_aiv,pipelined,100,0,10.6298998,10.6827002,10.71095,10.7582003,11.3966003,11.7068999,0.133410076,0,3.06738927,0,32768,"replan-per-launch (aclSetAclOpExecutorRepeatable / aclDestroyAclOpExecutor not both exported by this CANN build)","ACL_EVENT_TIME_LINE|ACL_EVENT_SYNC (timestamped, host-waitable)"
cube_hadamard_950pr (Walsh-Hadamard: Cube-factorised against AIV-only),d512_v8_aiv,device,100,0,10.8359996,10.9660001,11.03306,11.0010002,11.0670002,20.428,0.94599389,0,2.98814514,0,32768,"replan-per-launch (aclSetAclOpExecutorRepeatable / aclDestroyAclOpExecutor not both exported by this CANN build)","ACL_EVENT_TIME_LINE|ACL_EVENT_SYNC (timestamped, host-waitable)"
cube_hadamard_950pr (Walsh-Hadamard: Cube-factorised against AIV-only),d512_v8_aiv,host,100,0,18.574,18.757,18.88438,19.295,21.711,24.068,0.638814226,0,1.74697446,0,32768,"replan-per-launch (aclSetAclOpExecutorRepeatable / aclDestroyAclOpExecutor not both exported by this CANN build)","ACL_EVENT_TIME_LINE|ACL_EVENT_SYNC (timestamped, host-waitable)"
cube_hadamard_950pr (Walsh-Hadamard: Cube-factorised against AIV-only),d512_v8_single,pipelined,100,0,9.27179977,9.35755,9.35631903,9.40639973,10.1107001,10.1637997,0.124063285,0,3.5017713,0,32768,"replan-per-launch (aclSetAclOpExecutorRepeatable / aclDestroyAclOpExecutor not both exported by this CANN build)","ACL_EVENT_TIME_LINE|ACL_EVENT_SYNC (timestamped, host-waitable)"
cube_hadamard_950pr (Walsh-Hadamard: Cube-factorised against AIV-only),d512_v8_single,device,100,0,9.47999954,9.79549997,10.22991,11.5390001,13.3539997,18.4470005,1.0749422,0,3.34520955,0,32768,"replan-per-launch (aclSetAclOpExecutorRepeatable / aclDestroyAclOpExecutor not both exported by this CANN build)","ACL_EVENT_TIME_LINE|ACL_EVENT_SYNC (timestamped, host-waitable)"
cube_hadamard_950pr (Walsh-Hadamard: Cube-factorised against AIV-only),d512_v8_single,host,100,0,17.534,17.8275,17.86666,18.018,18.08,22.561,0.483479229,0,1.83805918,0,32768,"replan-per-launch (aclSetAclOpExecutorRepeatable / aclDestroyAclOpExecutor not both exported by this CANN build)","ACL_EVENT_TIME_LINE|ACL_EVENT_SYNC (timestamped, host-waitable)"
cube_hadamard_950pr (Walsh-Hadamard: Cube-factorised against AIV-only),d512_v8_hilo,pipelined,100,0,9.46770012,9.53004993,9.54615699,9.60059986,10.1378001,10.4849003,0.124380878,0,3.43838702,0,32768,"replan-per-launch (aclSetAclOpExecutorRepeatable / aclDestroyAclOpExecutor not both exported by this CANN build)","ACL_EVENT_TIME_LINE|ACL_EVENT_SYNC (timestamped, host-waitable)"
cube_hadamard_950pr (Walsh-Hadamard: Cube-factorised against AIV-only),d512_v8_hilo,device,100,0,9.68699995,9.81550012,10.17732,11.2979999,12.7119999,18.7010001,1.02516291,0,3.33839332,0,32768,"replan-per-launch (aclSetAclOpExecutorRepeatable / aclDestroyAclOpExecutor not both exported by this CANN build)","ACL_EVENT_TIME_LINE|ACL_EVENT_SYNC (timestamped, host-waitable)"
cube_hadamard_950pr (Walsh-Hadamard: Cube-factorised against AIV-only),d512_v8_hilo,host,100,0,17.529,17.765,17.82563,17.942,18.132,23.075,0.537207886,0,1.84452575,0,32768,"replan-per-launch (aclSetAclOpExecutorRepeatable / aclDestroyAclOpExecutor not both exported by this CANN build)","ACL_EVENT_TIME_LINE|ACL_EVENT_SYNC (timestamped, host-waitable)"
cube_hadamard_950pr (Walsh-Hadamard: Cube-factorised against AIV-only),d512_v8_dualdst,pipelined,100,0,6.59380034,6.75834976,6.852211,7.49669969,7.85150006,8.18760023,0.284498868,0,4.84852089,0,32768,"replan-per-launch (aclSetAclOpExecutorRepeatable / aclDestroyAclOpExecutor not both exported by this CANN build)","ACL_EVENT_TIME_LINE|ACL_EVENT_SYNC (timestamped, host-waitable)"
cube_hadamard_950pr (Walsh-Hadamard: Cube-factorised against AIV-only),d512_v8_dualdst,device,100,0,8.66600033,10.1835001,10.23459,11.217,11.8450001,14.5650003,0.77441573,0,3.21775417,0,32768,"replan-per-launch (aclSetAclOpExecutorRepeatable / aclDestroyAclOpExecutor not both exported by this CANN build)","ACL_EVENT_TIME_LINE|ACL_EVENT_SYNC (timestamped, host-waitable)"
cube_hadamard_950pr (Walsh-Hadamard: Cube-factorised against AIV-only),d512_v8_dualdst,host,100,0,13.659,14.4685,14.55895,15.396,15.596,20.167,0.680553839,0,2.26478211,0,32768,"replan-per-launch (aclSetAclOpExecutorRepeatable / aclDestroyAclOpExecutor not both exported by this CANN build)","ACL_EVENT_TIME_LINE|ACL_EVENT_SYNC (timestamped, host-waitable)"
cube_hadamard_950pr (Walsh-Hadamard: Cube-factorised against AIV-only),d512_v16_aiv,pipelined,100,0,20.4302996,20.5125004,20.5309759,20.5822006,21.1627007,21.5780005,0.134218506,0,3.19492986,0,65536,"replan-per-launch (aclSetAclOpExecutorRepeatable / aclDestroyAclOpExecutor not both exported by this CANN build)","ACL_EVENT_TIME_LINE|ACL_EVENT_SYNC (timestamped, host-waitable)"
cube_hadamard_950pr (Walsh-Hadamard: Cube-factorised against AIV-only),d512_v16_aiv,device,100,0,20.6000004,20.7870007,20.85382,20.8180007,20.8310001,29.9079996,0.911554788,0,3.15273959,0,65536,"replan-per-launch (aclSetAclOpExecutorRepeatable / aclDestroyAclOpExecutor not both exported by this CANN build)","ACL_EVENT_TIME_LINE|ACL_EVENT_SYNC (timestamped, host-waitable)"
cube_hadamard_950pr (Walsh-Hadamard: Cube-factorised against AIV-only),d512_v16_aiv,host,100,0,28.2,28.9425,29.16757,30.07,31.897,35.46,0.810825422,0,2.26435173,0,65536,"replan-per-launch (aclSetAclOpExecutorRepeatable / aclDestroyAclOpExecutor not both exported by this CANN build)","ACL_EVENT_TIME_LINE|ACL_EVENT_SYNC (timestamped, host-waitable)"
cube_hadamard_950pr (Walsh-Hadamard: Cube-factorised against AIV-only),d512_v16_single,pipelined,100,0,17.3675999,17.4431995,17.4521209,17.5051004,18.1969002,18.3087006,0.126502886,0,3.7571089,0,65536,"replan-per-launch (aclSetAclOpExecutorRepeatable / aclDestroyAclOpExecutor not both exported by this CANN build)","ACL_EVENT_TIME_LINE|ACL_EVENT_SYNC (timestamped, host-waitable)"
cube_hadamard_950pr (Walsh-Hadamard: Cube-factorised against AIV-only),d512_v16_single,device,100,0,17.5759997,17.6095003,17.72991,17.7309997,17.7539997,26.3759997,0.870762351,0,3.72162746,0,65536,"replan-per-launch (aclSetAclOpExecutorRepeatable / aclDestroyAclOpExecutor not both exported by this CANN build)","ACL_EVENT_TIME_LINE|ACL_EVENT_SYNC (timestamped, host-waitable)"
cube_hadamard_950pr (Walsh-Hadamard: Cube-factorised against AIV-only),d512_v16_single,host,100,0,25.452,26.552,26.7409,29.031,31.977,36.411,1.4189383,0,2.46821332,0,65536,"replan-per-launch (aclSetAclOpExecutorRepeatable / aclDestroyAclOpExecutor not both exported by this CANN build)","ACL_EVENT_TIME_LINE|ACL_EVENT_SYNC (timestamped, host-waitable)"
cube_hadamard_950pr (Walsh-Hadamard: Cube-factorised against AIV-only),d512_v16_hilo,pipelined,100,0,17.7517995,17.8150006,17.832636,17.8819999,18.5145006,18.7749997,0.129373719,0,3.67869761,0,65536,"replan-per-launch (aclSetAclOpExecutorRepeatable / aclDestroyAclOpExecutor not both exported by this CANN build)","ACL_EVENT_TIME_LINE|ACL_EVENT_SYNC (timestamped, host-waitable)"
cube_hadamard_950pr (Walsh-Hadamard: Cube-factorised against AIV-only),d512_v16_hilo,device,100,0,17.9820005,18.096,18.18492,18.1319993,18.2070006,27.2899996,0.915872431,0,3.62157384,0,65536,"replan-per-launch (aclSetAclOpExecutorRepeatable / aclDestroyAclOpExecutor not both exported by this CANN build)","ACL_EVENT_TIME_LINE|ACL_EVENT_SYNC (timestamped, host-waitable)"
cube_hadamard_950pr (Walsh-Hadamard: Cube-factorised against AIV-only),d512_v16_hilo,host,100,0,25.606,26.2955,26.38394,26.906,29.917,32.844,0.918450302,0,2.49228956,0,65536,"replan-per-launch (aclSetAclOpExecutorRepeatable / aclDestroyAclOpExecutor not both exported by this CANN build)","ACL_EVENT_TIME_LINE|ACL_EVENT_SYNC (timestamped, host-waitable)"
cube_hadamard_950pr (Walsh-Hadamard: Cube-factorised against AIV-only),d512_v16_dualdst,pipelined,100,0,10.5379999,10.6228001,10.625683,10.6729001,11.3385998,11.4538997,0.122050425,0,6.16937146,0,65536,"replan-per-launch (aclSetAclOpExecutorRepeatable / aclDestroyAclOpExecutor not both exported by this CANN build)","ACL_EVENT_TIME_LINE|ACL_EVENT_SYNC (timestamped, host-waitable)"
cube_hadamard_950pr (Walsh-Hadamard: Cube-factorised against AIV-only),d512_v16_dualdst,device,100,0,10.7420003,10.7925003,10.91538,10.9869996,11.0999998,19.7470002,0.890764199,0,6.07236488,0,65536,"replan-per-launch (aclSetAclOpExecutorRepeatable / aclDestroyAclOpExecutor not both exported by this CANN build)","ACL_EVENT_TIME_LINE|ACL_EVENT_SYNC (timestamped, host-waitable)"
cube_hadamard_950pr (Walsh-Hadamard: Cube-factorised against AIV-only),d512_v16_dualdst,host,100,0,18.554,18.7575,19.01804,20.098,20.172,23.299,0.662275168,0,3.49385579,0,65536,"replan-per-launch (aclSetAclOpExecutorRepeatable / aclDestroyAclOpExecutor not both exported by this CANN build)","ACL_EVENT_TIME_LINE|ACL_EVENT_SYNC (timestamped, host-waitable)"
cube_hadamard_950pr (Walsh-Hadamard: Cube-factorised against AIV-only),d512_v32_aiv,pipelined,100,0,39.8795992,39.9634004,39.9685541,40.0263011,40.7469004,41.0645008,0.146148074,0,3.27980099,0,131072,"replan-per-launch (aclSetAclOpExecutorRepeatable / aclDestroyAclOpExecutor not both exported by this CANN build)","ACL_EVENT_TIME_LINE|ACL_EVENT_SYNC (timestamped, host-waitable)"
cube_hadamard_950pr (Walsh-Hadamard: Cube-factorised against AIV-only),d512_v32_aiv,device,100,0,40.0829986,40.2159989,40.28383,40.2619988,40.3449982,49.5020002,0.928285868,0,3.25920041,0,131072,"replan-per-launch (aclSetAclOpExecutorRepeatable / aclDestroyAclOpExecutor not both exported by this CANN build)","ACL_EVENT_TIME_LINE|ACL_EVENT_SYNC (timestamped, host-waitable)"
cube_hadamard_950pr (Walsh-Hadamard: Cube-factorised against AIV-only),d512_v32_aiv,host,100,0,47.712,49.0125,49.55855,52.237,52.745,55.365,1.41504698,0,2.67425657,0,131072,"replan-per-launch (aclSetAclOpExecutorRepeatable / aclDestroyAclOpExecutor not both exported by this CANN build)","ACL_EVENT_TIME_LINE|ACL_EVENT_SYNC (timestamped, host-waitable)"
cube_hadamard_950pr (Walsh-Hadamard: Cube-factorised against AIV-only),d512_v32_single,pipelined,100,0,33.6246997,33.6973503,33.710618,33.7650001,34.5061004,34.5486999,0.129420683,0,3.88968268,0,131072,"replan-per-launch (aclSetAclOpExecutorRepeatable / aclDestroyAclOpExecutor not both exported by this CANN build)","ACL_EVENT_TIME_LINE|ACL_EVENT_SYNC (timestamped, host-waitable)"
cube_hadamard_950pr (Walsh-Hadamard: Cube-factorised against AIV-only),d512_v32_single,device,100,0,33.8339992,33.8645,33.9896297,33.9929983,34.0210013,44.2360006,1.03106696,0,3.87048384,0,131072,"replan-per-launch (aclSetAclOpExecutorRepeatable / aclDestroyAclOpExecutor not both exported by this CANN build)","ACL_EVENT_TIME_LINE|ACL_EVENT_SYNC (timestamped, host-waitable)"
cube_hadamard_950pr (Walsh-Hadamard: Cube-factorised against AIV-only),d512_v32_single,host,100,0,41.637,42.153,42.29988,43.143,44.371,48.885,0.76922876,0,3.10943468,0,131072,"replan-per-launch (aclSetAclOpExecutorRepeatable / aclDestroyAclOpExecutor not both exported by this CANN build)","ACL_EVENT_TIME_LINE|ACL_EVENT_SYNC (timestamped, host-waitable)"
cube_hadamard_950pr (Walsh-Hadamard: Cube-factorised against AIV-only),d512_v32_hilo,pipelined,100,0,34.3897998,34.4625503,34.4736102,34.5378995,35.0706011,35.4413986,0.127623063,0,3.8033169,0,131072,"replan-per-launch (aclSetAclOpExecutorRepeatable / aclDestroyAclOpExecutor not both exported by this CANN build)","ACL_EVENT_TIME_LINE|ACL_EVENT_SYNC (timestamped, host-waitable)"
cube_hadamard_950pr (Walsh-Hadamard: Cube-factorised against AIV-only),d512_v32_hilo,device,100,0,34.6000008,34.731999,34.7936399,34.7650014,34.779001,43.4990004,0.876632089,0,3.773811,0,131072,"replan-per-launch (aclSetAclOpExecutorRepeatable / aclDestroyAclOpExecutor not both exported by this CANN build)","ACL_EVENT_TIME_LINE|ACL_EVENT_SYNC (timestamped, host-waitable)"
cube_hadamard_950pr (Walsh-Hadamard: Cube-factorised against AIV-only),d512_v32_hilo,host,100,0,41.982,42.7575,42.878,43.303,48.728,50.717,1.07813981,0,3.06547389,0,131072,"replan-per-launch (aclSetAclOpExecutorRepeatable / aclDestroyAclOpExecutor not both exported by this CANN build)","ACL_EVENT_TIME_LINE|ACL_EVENT_SYNC (timestamped, host-waitable)"
cube_hadamard_950pr (Walsh-Hadamard: Cube-factorised against AIV-only),d512_v32_dualdst,pipelined,100,0,19.9220002,20.0134501,20.009727,20.0749993,20.8177999,20.8256006,0.12897026,0,6.54919564,0,131072,"replan-per-launch (aclSetAclOpExecutorRepeatable / aclDestroyAclOpExecutor not both exported by this CANN build)","ACL_EVENT_TIME_LINE|ACL_EVENT_SYNC (timestamped, host-waitable)"
cube_hadamard_950pr (Walsh-Hadamard: Cube-factorised against AIV-only),d512_v32_dualdst,device,100,0,20.1149993,20.1709997,20.29566,20.3060005,20.3910004,29.4630006,0.923456243,0,6.49804184,0,131072,"replan-per-launch (aclSetAclOpExecutorRepeatable / aclDestroyAclOpExecutor not both exported by this CANN build)","ACL_EVENT_TIME_LINE|ACL_EVENT_SYNC (timestamped, host-waitable)"
cube_hadamard_950pr (Walsh-Hadamard: Cube-factorised against AIV-only),d512_v32_dualdst,host,100,0,27.679,28.864,28.90955,29.164,31.045,34.071,0.603335137,0,4.54101996,0,131072,"replan-per-launch (aclSetAclOpExecutorRepeatable / aclDestroyAclOpExecutor not both exported by this CANN build)","ACL_EVENT_TIME_LINE|ACL_EVENT_SYNC (timestamped, host-waitable)"
